md00001	普通のもんごイカブラック	692
md00002	普通のもんごイカグリーン	750
md00003	普通のもんごイカレッド	515
md00004	普通のもんごイカブルー	930
md00005	普通のもんごイカイエロー	705
md00006	普通のもんごイカピンク	806
md00007	普通のもんごイカ２号	229
md00008	普通のもんごイカV3	464
md00009	普通のもんごイカスーパー１	763
md00010	普通のもんごイカRX	312
md00011	普通のスルメイカブラック	746
md00012	普通のスルメイカグリーン	199
md00013	普通のスルメイカレッド	522
md00014	普通のスルメイカブルー	421
md00015	普通のスルメイカイエロー	823
md00016	普通のスルメイカピンク	745
md00017	普通のスルメイカ２号	220
md00018	普通のスルメイカV3	445
md00019	普通のスルメイカスーパー１	373
md00020	普通のスルメイカRX	566
md00021	普通のダイオウイカブラック	240
md00022	普通のダイオウイカグリーン	479
md00023	普通のダイオウイカレッド	917
md00024	普通のダイオウイカブルー	672
md00025	普通のダイオウイカイエロー	990
md00026	普通のダイオウイカピンク	178
md00027	普通のダイオウイカ２号	549
md00028	普通のダイオウイカV3	626
md00029	普通のダイオウイカスーパー１	392
md00030	普通のダイオウイカRX	542
md00031	普通のよっちゃんイカブラック	764
md00032	普通のよっちゃんイカグリーン	872
md00033	普通のよっちゃんイカレッド	570
md00034	普通のよっちゃんイカブルー	571
md00035	普通のよっちゃんイカイエロー	665
md00036	普通のよっちゃんイカピンク	860
md00037	普通のよっちゃんイカ２号	882
md00038	普通のよっちゃんイカV3	269
md00039	普通のよっちゃんイカスーパー１	815
md00040	普通のよっちゃんイカRX	795
md00041	普通のさんまブラック	509
md00042	普通のさんまグリーン	150
md00043	普通のさんまレッド	116
md00044	普通のさんまブルー	552
md00045	普通のさんまイエロー	278
md00046	普通のさんまピンク	418
md00047	普通のさんま２号	834
md00048	普通のさんまV3	689
md00049	普通のさんまスーパー１	310
md00050	普通のさんまRX	476
md00051	普通のやまめブラック	417
md00052	普通のやまめグリーン	723
md00053	普通のやまめレッド	643
md00054	普通のやまめブルー	198
md00055	普通のやまめイエロー	172
md00056	普通のやまめピンク	696
md00057	普通のやまめ２号	563
md00058	普通のやまめV3	860
md00059	普通のやまめスーパー１	272
md00060	普通のやまめRX	517
md00061	普通の鮎ブラック	115
md00062	普通の鮎グリーン	330
md00063	普通の鮎レッド	761
md00064	普通の鮎ブルー	936
md00065	普通の鮎イエロー	569
md00066	普通の鮎ピンク	431
md00067	普通の鮎２号	832
md00068	普通の鮎V3	152
md00069	普通の鮎スーパー１	861
md00070	普通の鮎RX	585
md00071	普通の鮭ブラック	996
md00072	普通の鮭グリーン	671
md00073	普通の鮭レッド	710
md00074	普通の鮭ブルー	665
md00075	普通の鮭イエロー	590
md00076	普通の鮭ピンク	457
md00077	普通の鮭２号	445
md00078	普通の鮭V3	767
md00079	普通の鮭スーパー１	979
md00080	普通の鮭RX	528
md00081	普通のしめじブラック	524
md00082	普通のしめじグリーン	964
md00083	普通のしめじレッド	910
md00084	普通のしめじブルー	794
md00085	普通のしめじイエロー	540
md00086	普通のしめじピンク	989
md00087	普通のしめじ２号	286
md00088	普通のしめじV3	740
md00089	普通のしめじスーパー１	916
md00090	普通のしめじRX	465
md00091	普通のしいたけブラック	789
md00092	普通のしいたけグリーン	308
md00093	普通のしいたけレッド	506
md00094	普通のしいたけブルー	419
md00095	普通のしいたけイエロー	350
md00096	普通のしいたけピンク	238
md00097	普通のしいたけ２号	307
md00098	普通のしいたけV3	289
md00099	普通のしいたけスーパー１	179
md00100	普通のしいたけRX	967
md00101	唐突なもんごイカブラック	122
md00102	唐突なもんごイカグリーン	607
md00103	唐突なもんごイカレッド	560
md00104	唐突なもんごイカブルー	902
md00105	唐突なもんごイカイエロー	870
md00106	唐突なもんごイカピンク	731
md00107	唐突なもんごイカ２号	715
md00108	唐突なもんごイカV3	975
md00109	唐突なもんごイカスーパー１	795
md00110	唐突なもんごイカRX	252
md00111	唐突なスルメイカブラック	439
md00112	唐突なスルメイカグリーン	998
md00113	唐突なスルメイカレッド	527
md00114	唐突なスルメイカブルー	932
md00115	唐突なスルメイカイエロー	822
md00116	唐突なスルメイカピンク	241
md00117	唐突なスルメイカ２号	114
md00118	唐突なスルメイカV3	101
md00119	唐突なスルメイカスーパー１	265
md00120	唐突なスルメイカRX	377
md00121	唐突なダイオウイカブラック	771
md00122	唐突なダイオウイカグリーン	529
md00123	唐突なダイオウイカレッド	951
md00124	唐突なダイオウイカブルー	245
md00125	唐突なダイオウイカイエロー	903
md00126	唐突なダイオウイカピンク	954
md00127	唐突なダイオウイカ２号	536
md00128	唐突なダイオウイカV3	492
md00129	唐突なダイオウイカスーパー１	411
md00130	唐突なダイオウイカRX	234
md00131	唐突なよっちゃんイカブラック	161
md00132	唐突なよっちゃんイカグリーン	436
md00133	唐突なよっちゃんイカレッド	941
md00134	唐突なよっちゃんイカブルー	193
md00135	唐突なよっちゃんイカイエロー	823
md00136	唐突なよっちゃんイカピンク	175
md00137	唐突なよっちゃんイカ２号	589
md00138	唐突なよっちゃんイカV3	303
md00139	唐突なよっちゃんイカスーパー１	594
md00140	唐突なよっちゃんイカRX	994
md00141	唐突なさんまブラック	447
md00142	唐突なさんまグリーン	852
md00143	唐突なさんまレッド	537
md00144	唐突なさんまブルー	732
md00145	唐突なさんまイエロー	444
md00146	唐突なさんまピンク	610
md00147	唐突なさんま２号	820
md00148	唐突なさんまV3	665
md00149	唐突なさんまスーパー１	790
md00150	唐突なさんまRX	743
md00151	唐突なやまめブラック	228
md00152	唐突なやまめグリーン	204
md00153	唐突なやまめレッド	350
md00154	唐突なやまめブルー	832
md00155	唐突なやまめイエロー	523
md00156	唐突なやまめピンク	817
md00157	唐突なやまめ２号	999
md00158	唐突なやまめV3	843
md00159	唐突なやまめスーパー１	168
md00160	唐突なやまめRX	122
md00161	唐突な鮎ブラック	172
md00162	唐突な鮎グリーン	130
md00163	唐突な鮎レッド	933
md00164	唐突な鮎ブルー	639
md00165	唐突な鮎イエロー	634
md00166	唐突な鮎ピンク	703
md00167	唐突な鮎２号	614
md00168	唐突な鮎V3	145
md00169	唐突な鮎スーパー１	282
md00170	唐突な鮎RX	137
md00171	唐突な鮭ブラック	509
md00172	唐突な鮭グリーン	989
md00173	唐突な鮭レッド	123
md00174	唐突な鮭ブルー	833
md00175	唐突な鮭イエロー	105
md00176	唐突な鮭ピンク	805
md00177	唐突な鮭２号	996
md00178	唐突な鮭V3	141
md00179	唐突な鮭スーパー１	887
md00180	唐突な鮭RX	950
md00181	唐突なしめじブラック	504
md00182	唐突なしめじグリーン	626
md00183	唐突なしめじレッド	736
md00184	唐突なしめじブルー	248
md00185	唐突なしめじイエロー	962
md00186	唐突なしめじピンク	608
md00187	唐突なしめじ２号	962
md00188	唐突なしめじV3	639
md00189	唐突なしめじスーパー１	954
md00190	唐突なしめじRX	375
md00191	唐突なしいたけブラック	171
md00192	唐突なしいたけグリーン	955
md00193	唐突なしいたけレッド	559
md00194	唐突なしいたけブルー	924
md00195	唐突なしいたけイエロー	978
md00196	唐突なしいたけピンク	919
md00197	唐突なしいたけ２号	993
md00198	唐突なしいたけV3	182
md00199	唐突なしいたけスーパー１	753
md00200	唐突なしいたけRX	478
md00201	ナウなもんごイカブラック	971
md00202	ナウなもんごイカグリーン	853
md00203	ナウなもんごイカレッド	230
md00204	ナウなもんごイカブルー	154
md00205	ナウなもんごイカイエロー	626
md00206	ナウなもんごイカピンク	892
md00207	ナウなもんごイカ２号	341
md00208	ナウなもんごイカV3	438
md00209	ナウなもんごイカスーパー１	417
md00210	ナウなもんごイカRX	840
md00211	ナウなスルメイカブラック	685
md00212	ナウなスルメイカグリーン	962
md00213	ナウなスルメイカレッド	928
md00214	ナウなスルメイカブルー	167
md00215	ナウなスルメイカイエロー	973
md00216	ナウなスルメイカピンク	325
md00217	ナウなスルメイカ２号	580
md00218	ナウなスルメイカV3	553
md00219	ナウなスルメイカスーパー１	951
md00220	ナウなスルメイカRX	565
md00221	ナウなダイオウイカブラック	647
md00222	ナウなダイオウイカグリーン	920
md00223	ナウなダイオウイカレッド	210
md00224	ナウなダイオウイカブルー	298
md00225	ナウなダイオウイカイエロー	342
md00226	ナウなダイオウイカピンク	917
md00227	ナウなダイオウイカ２号	704
md00228	ナウなダイオウイカV3	268
md00229	ナウなダイオウイカスーパー１	644
md00230	ナウなダイオウイカRX	419
md00231	ナウなよっちゃんイカブラック	213
md00232	ナウなよっちゃんイカグリーン	144
md00233	ナウなよっちゃんイカレッド	223
md00234	ナウなよっちゃんイカブルー	963
md00235	ナウなよっちゃんイカイエロー	821
md00236	ナウなよっちゃんイカピンク	655
md00237	ナウなよっちゃんイカ２号	778
md00238	ナウなよっちゃんイカV3	757
md00239	ナウなよっちゃんイカスーパー１	585
md00240	ナウなよっちゃんイカRX	240
md00241	ナウなさんまブラック	605
md00242	ナウなさんまグリーン	318
md00243	ナウなさんまレッド	804
md00244	ナウなさんまブルー	459
md00245	ナウなさんまイエロー	744
md00246	ナウなさんまピンク	497
md00247	ナウなさんま２号	109
md00248	ナウなさんまV3	690
md00249	ナウなさんまスーパー１	617
md00250	ナウなさんまRX	835
md00251	ナウなやまめブラック	344
md00252	ナウなやまめグリーン	970
md00253	ナウなやまめレッド	574
md00254	ナウなやまめブルー	300
md00255	ナウなやまめイエロー	900
md00256	ナウなやまめピンク	833
md00257	ナウなやまめ２号	804
md00258	ナウなやまめV3	246
md00259	ナウなやまめスーパー１	411
md00260	ナウなやまめRX	228
md00261	ナウな鮎ブラック	404
md00262	ナウな鮎グリーン	573
md00263	ナウな鮎レッド	704
md00264	ナウな鮎ブルー	363
md00265	ナウな鮎イエロー	858
md00266	ナウな鮎ピンク	979
md00267	ナウな鮎２号	285
md00268	ナウな鮎V3	638
md00269	ナウな鮎スーパー１	862
md00270	ナウな鮎RX	564
md00271	ナウな鮭ブラック	668
md00272	ナウな鮭グリーン	881
md00273	ナウな鮭レッド	931
md00274	ナウな鮭ブルー	618
md00275	ナウな鮭イエロー	958
md00276	ナウな鮭ピンク	580
md00277	ナウな鮭２号	910
md00278	ナウな鮭V3	598
md00279	ナウな鮭スーパー１	390
md00280	ナウな鮭RX	864
md00281	ナウなしめじブラック	879
md00282	ナウなしめじグリーン	956
md00283	ナウなしめじレッド	525
md00284	ナウなしめじブルー	838
md00285	ナウなしめじイエロー	561
md00286	ナウなしめじピンク	441
md00287	ナウなしめじ２号	346
md00288	ナウなしめじV3	619
md00289	ナウなしめじスーパー１	759
md00290	ナウなしめじRX	833
md00291	ナウなしいたけブラック	750
md00292	ナウなしいたけグリーン	567
md00293	ナウなしいたけレッド	463
md00294	ナウなしいたけブルー	775
md00295	ナウなしいたけイエロー	710
md00296	ナウなしいたけピンク	272
md00297	ナウなしいたけ２号	261
md00298	ナウなしいたけV3	626
md00299	ナウなしいたけスーパー１	297
md00300	ナウなしいたけRX	957
md00301	高級なもんごイカブラック	978
md00302	高級なもんごイカグリーン	786
md00303	高級なもんごイカレッド	188
md00304	高級なもんごイカブルー	711
md00305	高級なもんごイカイエロー	487
md00306	高級なもんごイカピンク	754
md00307	高級なもんごイカ２号	227
md00308	高級なもんごイカV3	900
md00309	高級なもんごイカスーパー１	545
md00310	高級なもんごイカRX	559
md00311	高級なスルメイカブラック	663
md00312	高級なスルメイカグリーン	499
md00313	高級なスルメイカレッド	745
md00314	高級なスルメイカブルー	847
md00315	高級なスルメイカイエロー	518
md00316	高級なスルメイカピンク	832
md00317	高級なスルメイカ２号	314
md00318	高級なスルメイカV3	953
md00319	高級なスルメイカスーパー１	123
md00320	高級なスルメイカRX	883
md00321	高級なダイオウイカブラック	507
md00322	高級なダイオウイカグリーン	681
md00323	高級なダイオウイカレッド	926
md00324	高級なダイオウイカブルー	878
md00325	高級なダイオウイカイエロー	805
md00326	高級なダイオウイカピンク	229
md00327	高級なダイオウイカ２号	174
md00328	高級なダイオウイカV3	343
md00329	高級なダイオウイカスーパー１	175
md00330	高級なダイオウイカRX	875
md00331	高級なよっちゃんイカブラック	431
md00332	高級なよっちゃんイカグリーン	323
md00333	高級なよっちゃんイカレッド	484
md00334	高級なよっちゃんイカブルー	584
md00335	高級なよっちゃんイカイエロー	673
md00336	高級なよっちゃんイカピンク	755
md00337	高級なよっちゃんイカ２号	924
md00338	高級なよっちゃんイカV3	427
md00339	高級なよっちゃんイカスーパー１	703
md00340	高級なよっちゃんイカRX	904
md00341	高級なさんまブラック	758
md00342	高級なさんまグリーン	417
md00343	高級なさんまレッド	570
md00344	高級なさんまブルー	680
md00345	高級なさんまイエロー	555
md00346	高級なさんまピンク	617
md00347	高級なさんま２号	495
md00348	高級なさんまV3	946
md00349	高級なさんまスーパー１	162
md00350	高級なさんまRX	415
md00351	高級なやまめブラック	898
md00352	高級なやまめグリーン	254
md00353	高級なやまめレッド	760
md00354	高級なやまめブルー	514
md00355	高級なやまめイエロー	747
md00356	高級なやまめピンク	636
md00357	高級なやまめ２号	700
md00358	高級なやまめV3	875
md00359	高級なやまめスーパー１	850
md00360	高級なやまめRX	654
md00361	高級な鮎ブラック	325
md00362	高級な鮎グリーン	411
md00363	高級な鮎レッド	380
md00364	高級な鮎ブルー	590
md00365	高級な鮎イエロー	908
md00366	高級な鮎ピンク	737
md00367	高級な鮎２号	795
md00368	高級な鮎V3	912
md00369	高級な鮎スーパー１	112
md00370	高級な鮎RX	454
md00371	高級な鮭ブラック	543
md00372	高級な鮭グリーン	405
md00373	高級な鮭レッド	244
md00374	高級な鮭ブルー	495
md00375	高級な鮭イエロー	258
md00376	高級な鮭ピンク	268
md00377	高級な鮭２号	761
md00378	高級な鮭V3	795
md00379	高級な鮭スーパー１	156
md00380	高級な鮭RX	282
md00381	高級なしめじブラック	497
md00382	高級なしめじグリーン	236
md00383	高級なしめじレッド	444
md00384	高級なしめじブルー	848
md00385	高級なしめじイエロー	316
md00386	高級なしめじピンク	273
md00387	高級なしめじ２号	713
md00388	高級なしめじV3	291
md00389	高級なしめじスーパー１	486
md00390	高級なしめじRX	590
md00391	高級なしいたけブラック	639
md00392	高級なしいたけグリーン	452
md00393	高級なしいたけレッド	873
md00394	高級なしいたけブルー	565
md00395	高級なしいたけイエロー	502
md00396	高級なしいたけピンク	446
md00397	高級なしいたけ２号	411
md00398	高級なしいたけV3	293
md00399	高級なしいたけスーパー１	648
md00400	高級なしいたけRX	453
md00401	格安のもんごイカブラック	395
md00402	格安のもんごイカグリーン	127
md00403	格安のもんごイカレッド	193
md00404	格安のもんごイカブルー	587
md00405	格安のもんごイカイエロー	462
md00406	格安のもんごイカピンク	945
md00407	格安のもんごイカ２号	867
md00408	格安のもんごイカV3	564
md00409	格安のもんごイカスーパー１	377
md00410	格安のもんごイカRX	304
md00411	格安のスルメイカブラック	822
md00412	格安のスルメイカグリーン	211
md00413	格安のスルメイカレッド	331
md00414	格安のスルメイカブルー	779
md00415	格安のスルメイカイエロー	747
md00416	格安のスルメイカピンク	756
md00417	格安のスルメイカ２号	636
md00418	格安のスルメイカV3	273
md00419	格安のスルメイカスーパー１	861
md00420	格安のスルメイカRX	667
md00421	格安のダイオウイカブラック	741
md00422	格安のダイオウイカグリーン	326
md00423	格安のダイオウイカレッド	240
md00424	格安のダイオウイカブルー	115
md00425	格安のダイオウイカイエロー	873
md00426	格安のダイオウイカピンク	604
md00427	格安のダイオウイカ２号	231
md00428	格安のダイオウイカV3	630
md00429	格安のダイオウイカスーパー１	623
md00430	格安のダイオウイカRX	995
md00431	格安のよっちゃんイカブラック	730
md00432	格安のよっちゃんイカグリーン	456
md00433	格安のよっちゃんイカレッド	279
md00434	格安のよっちゃんイカブルー	975
md00435	格安のよっちゃんイカイエロー	741
md00436	格安のよっちゃんイカピンク	802
md00437	格安のよっちゃんイカ２号	333
md00438	格安のよっちゃんイカV3	141
md00439	格安のよっちゃんイカスーパー１	739
md00440	格安のよっちゃんイカRX	644
md00441	格安のさんまブラック	118
md00442	格安のさんまグリーン	683
md00443	格安のさんまレッド	555
md00444	格安のさんまブルー	406
md00445	格安のさんまイエロー	991
md00446	格安のさんまピンク	471
md00447	格安のさんま２号	548
md00448	格安のさんまV3	980
md00449	格安のさんまスーパー１	406
md00450	格安のさんまRX	762
md00451	格安のやまめブラック	928
md00452	格安のやまめグリーン	232
md00453	格安のやまめレッド	764
md00454	格安のやまめブルー	743
md00455	格安のやまめイエロー	896
md00456	格安のやまめピンク	731
md00457	格安のやまめ２号	387
md00458	格安のやまめV3	963
md00459	格安のやまめスーパー１	532
md00460	格安のやまめRX	667
md00461	格安の鮎ブラック	623
md00462	格安の鮎グリーン	598
md00463	格安の鮎レッド	679
md00464	格安の鮎ブルー	541
md00465	格安の鮎イエロー	588
md00466	格安の鮎ピンク	632
md00467	格安の鮎２号	773
md00468	格安の鮎V3	704
md00469	格安の鮎スーパー１	494
md00470	格安の鮎RX	406
md00471	格安の鮭ブラック	472
md00472	格安の鮭グリーン	785
md00473	格安の鮭レッド	676
md00474	格安の鮭ブルー	718
md00475	格安の鮭イエロー	270
md00476	格安の鮭ピンク	690
md00477	格安の鮭２号	319
md00478	格安の鮭V3	623
md00479	格安の鮭スーパー１	737
md00480	格安の鮭RX	759
md00481	格安のしめじブラック	192
md00482	格安のしめじグリーン	191
md00483	格安のしめじレッド	325
md00484	格安のしめじブルー	518
md00485	格安のしめじイエロー	428
md00486	格安のしめじピンク	131
md00487	格安のしめじ２号	828
md00488	格安のしめじV3	456
md00489	格安のしめじスーパー１	632
md00490	格安のしめじRX	295
md00491	格安のしいたけブラック	155
md00492	格安のしいたけグリーン	391
md00493	格安のしいたけレッド	362
md00494	格安のしいたけブルー	271
md00495	格安のしいたけイエロー	250
md00496	格安のしいたけピンク	353
md00497	格安のしいたけ２号	664
md00498	格安のしいたけV3	662
md00499	格安のしいたけスーパー１	850
md00500	格安のしいたけRX	761
md00501	うれしいもんごイカブラック	125
md00502	うれしいもんごイカグリーン	958
md00503	うれしいもんごイカレッド	433
md00504	うれしいもんごイカブルー	680
md00505	うれしいもんごイカイエロー	898
md00506	うれしいもんごイカピンク	304
md00507	うれしいもんごイカ２号	545
md00508	うれしいもんごイカV3	960
md00509	うれしいもんごイカスーパー１	256
md00510	うれしいもんごイカRX	891
md00511	うれしいスルメイカブラック	353
md00512	うれしいスルメイカグリーン	486
md00513	うれしいスルメイカレッド	434
md00514	うれしいスルメイカブルー	454
md00515	うれしいスルメイカイエロー	196
md00516	うれしいスルメイカピンク	971
md00517	うれしいスルメイカ２号	166
md00518	うれしいスルメイカV3	753
md00519	うれしいスルメイカスーパー１	517
md00520	うれしいスルメイカRX	992
md00521	うれしいダイオウイカブラック	548
md00522	うれしいダイオウイカグリーン	457
md00523	うれしいダイオウイカレッド	957
md00524	うれしいダイオウイカブルー	108
md00525	うれしいダイオウイカイエロー	746
md00526	うれしいダイオウイカピンク	224
md00527	うれしいダイオウイカ２号	265
md00528	うれしいダイオウイカV3	341
md00529	うれしいダイオウイカスーパー１	743
md00530	うれしいダイオウイカRX	505
md00531	うれしいよっちゃんイカブラック	214
md00532	うれしいよっちゃんイカグリーン	128
md00533	うれしいよっちゃんイカレッド	201
md00534	うれしいよっちゃんイカブルー	572
md00535	うれしいよっちゃんイカイエロー	603
md00536	うれしいよっちゃんイカピンク	306
md00537	うれしいよっちゃんイカ２号	174
md00538	うれしいよっちゃんイカV3	929
md00539	うれしいよっちゃんイカスーパー１	368
md00540	うれしいよっちゃんイカRX	785
md00541	うれしいさんまブラック	847
md00542	うれしいさんまグリーン	225
md00543	うれしいさんまレッド	544
md00544	うれしいさんまブルー	906
md00545	うれしいさんまイエロー	553
md00546	うれしいさんまピンク	965
md00547	うれしいさんま２号	764
md00548	うれしいさんまV3	718
md00549	うれしいさんまスーパー１	338
md00550	うれしいさんまRX	313
md00551	うれしいやまめブラック	507
md00552	うれしいやまめグリーン	678
md00553	うれしいやまめレッド	836
md00554	うれしいやまめブルー	422
md00555	うれしいやまめイエロー	469
md00556	うれしいやまめピンク	637
md00557	うれしいやまめ２号	459
md00558	うれしいやまめV3	968
md00559	うれしいやまめスーパー１	767
md00560	うれしいやまめRX	806
md00561	うれしい鮎ブラック	527
md00562	うれしい鮎グリーン	968
md00563	うれしい鮎レッド	685
md00564	うれしい鮎ブルー	565
md00565	うれしい鮎イエロー	131
md00566	うれしい鮎ピンク	806
md00567	うれしい鮎２号	499
md00568	うれしい鮎V3	997
md00569	うれしい鮎スーパー１	657
md00570	うれしい鮎RX	975
md00571	うれしい鮭ブラック	431
md00572	うれしい鮭グリーン	740
md00573	うれしい鮭レッド	896
md00574	うれしい鮭ブルー	972
md00575	うれしい鮭イエロー	702
md00576	うれしい鮭ピンク	648
md00577	うれしい鮭２号	485
md00578	うれしい鮭V3	989
md00579	うれしい鮭スーパー１	480
md00580	うれしい鮭RX	977
md00581	うれしいしめじブラック	341
md00582	うれしいしめじグリーン	623
md00583	うれしいしめじレッド	283
md00584	うれしいしめじブルー	939
md00585	うれしいしめじイエロー	625
md00586	うれしいしめじピンク	609
md00587	うれしいしめじ２号	170
md00588	うれしいしめじV3	422
md00589	うれしいしめじスーパー１	793
md00590	うれしいしめじRX	857
md00591	うれしいしいたけブラック	826
md00592	うれしいしいたけグリーン	723
md00593	うれしいしいたけレッド	438
md00594	うれしいしいたけブルー	789
md00595	うれしいしいたけイエロー	149
md00596	うれしいしいたけピンク	354
md00597	うれしいしいたけ２号	376
md00598	うれしいしいたけV3	392
md00599	うれしいしいたけスーパー１	576
md00600	うれしいしいたけRX	452
md00601	かなしいもんごイカブラック	599
md00602	かなしいもんごイカグリーン	528
md00603	かなしいもんごイカレッド	857
md00604	かなしいもんごイカブルー	585
md00605	かなしいもんごイカイエロー	678
md00606	かなしいもんごイカピンク	880
md00607	かなしいもんごイカ２号	849
md00608	かなしいもんごイカV3	616
md00609	かなしいもんごイカスーパー１	843
md00610	かなしいもんごイカRX	800
md00611	かなしいスルメイカブラック	990
md00612	かなしいスルメイカグリーン	247
md00613	かなしいスルメイカレッド	874
md00614	かなしいスルメイカブルー	926
md00615	かなしいスルメイカイエロー	765
md00616	かなしいスルメイカピンク	459
md00617	かなしいスルメイカ２号	928
md00618	かなしいスルメイカV3	879
md00619	かなしいスルメイカスーパー１	678
md00620	かなしいスルメイカRX	134
md00621	かなしいダイオウイカブラック	819
md00622	かなしいダイオウイカグリーン	674
md00623	かなしいダイオウイカレッド	176
md00624	かなしいダイオウイカブルー	256
md00625	かなしいダイオウイカイエロー	516
md00626	かなしいダイオウイカピンク	322
md00627	かなしいダイオウイカ２号	652
md00628	かなしいダイオウイカV3	974
md00629	かなしいダイオウイカスーパー１	786
md00630	かなしいダイオウイカRX	402
md00631	かなしいよっちゃんイカブラック	996
md00632	かなしいよっちゃんイカグリーン	649
md00633	かなしいよっちゃんイカレッド	563
md00634	かなしいよっちゃんイカブルー	833
md00635	かなしいよっちゃんイカイエロー	843
md00636	かなしいよっちゃんイカピンク	293
md00637	かなしいよっちゃんイカ２号	414
md00638	かなしいよっちゃんイカV3	644
md00639	かなしいよっちゃんイカスーパー１	168
md00640	かなしいよっちゃんイカRX	221
md00641	かなしいさんまブラック	127
md00642	かなしいさんまグリーン	236
md00643	かなしいさんまレッド	500
md00644	かなしいさんまブルー	508
md00645	かなしいさんまイエロー	830
md00646	かなしいさんまピンク	139
md00647	かなしいさんま２号	773
md00648	かなしいさんまV3	171
md00649	かなしいさんまスーパー１	786
md00650	かなしいさんまRX	433
md00651	かなしいやまめブラック	169
md00652	かなしいやまめグリーン	879
md00653	かなしいやまめレッド	254
md00654	かなしいやまめブルー	743
md00655	かなしいやまめイエロー	249
md00656	かなしいやまめピンク	796
md00657	かなしいやまめ２号	262
md00658	かなしいやまめV3	900
md00659	かなしいやまめスーパー１	613
md00660	かなしいやまめRX	605
md00661	かなしい鮎ブラック	690
md00662	かなしい鮎グリーン	161
md00663	かなしい鮎レッド	252
md00664	かなしい鮎ブルー	115
md00665	かなしい鮎イエロー	643
md00666	かなしい鮎ピンク	656
md00667	かなしい鮎２号	420
md00668	かなしい鮎V3	496
md00669	かなしい鮎スーパー１	168
md00670	かなしい鮎RX	515
md00671	かなしい鮭ブラック	835
md00672	かなしい鮭グリーン	620
md00673	かなしい鮭レッド	905
md00674	かなしい鮭ブルー	513
md00675	かなしい鮭イエロー	632
md00676	かなしい鮭ピンク	909
md00677	かなしい鮭２号	566
md00678	かなしい鮭V3	751
md00679	かなしい鮭スーパー１	201
md00680	かなしい鮭RX	534
md00681	かなしいしめじブラック	945
md00682	かなしいしめじグリーン	151
md00683	かなしいしめじレッド	702
md00684	かなしいしめじブルー	132
md00685	かなしいしめじイエロー	504
md00686	かなしいしめじピンク	921
md00687	かなしいしめじ２号	649
md00688	かなしいしめじV3	153
md00689	かなしいしめじスーパー１	912
md00690	かなしいしめじRX	899
md00691	かなしいしいたけブラック	419
md00692	かなしいしいたけグリーン	699
md00693	かなしいしいたけレッド	423
md00694	かなしいしいたけブルー	439
md00695	かなしいしいたけイエロー	110
md00696	かなしいしいたけピンク	242
md00697	かなしいしいたけ２号	608
md00698	かなしいしいたけV3	206
md00699	かなしいしいたけスーパー１	791
md00700	かなしいしいたけRX	987
md00701	漢のもんごイカブラック	466
md00702	漢のもんごイカグリーン	657
md00703	漢のもんごイカレッド	231
md00704	漢のもんごイカブルー	961
md00705	漢のもんごイカイエロー	697
md00706	漢のもんごイカピンク	385
md00707	漢のもんごイカ２号	584
md00708	漢のもんごイカV3	773
md00709	漢のもんごイカスーパー１	771
md00710	漢のもんごイカRX	408
md00711	漢のスルメイカブラック	431
md00712	漢のスルメイカグリーン	603
md00713	漢のスルメイカレッド	836
md00714	漢のスルメイカブルー	165
md00715	漢のスルメイカイエロー	887
md00716	漢のスルメイカピンク	568
md00717	漢のスルメイカ２号	483
md00718	漢のスルメイカV3	447
md00719	漢のスルメイカスーパー１	722
md00720	漢のスルメイカRX	520
md00721	漢のダイオウイカブラック	487
md00722	漢のダイオウイカグリーン	934
md00723	漢のダイオウイカレッド	229
md00724	漢のダイオウイカブルー	668
md00725	漢のダイオウイカイエロー	901
md00726	漢のダイオウイカピンク	311
md00727	漢のダイオウイカ２号	325
md00728	漢のダイオウイカV3	605
md00729	漢のダイオウイカスーパー１	209
md00730	漢のダイオウイカRX	591
md00731	漢のよっちゃんイカブラック	359
md00732	漢のよっちゃんイカグリーン	831
md00733	漢のよっちゃんイカレッド	730
md00734	漢のよっちゃんイカブルー	890
md00735	漢のよっちゃんイカイエロー	782
md00736	漢のよっちゃんイカピンク	141
md00737	漢のよっちゃんイカ２号	466
md00738	漢のよっちゃんイカV3	182
md00739	漢のよっちゃんイカスーパー１	886
md00740	漢のよっちゃんイカRX	896
md00741	漢のさんまブラック	351
md00742	漢のさんまグリーン	161
md00743	漢のさんまレッド	285
md00744	漢のさんまブルー	642
md00745	漢のさんまイエロー	363
md00746	漢のさんまピンク	679
md00747	漢のさんま２号	741
md00748	漢のさんまV3	196
md00749	漢のさんまスーパー１	312
md00750	漢のさんまRX	904
md00751	漢のやまめブラック	548
md00752	漢のやまめグリーン	367
md00753	漢のやまめレッド	936
md00754	漢のやまめブルー	160
md00755	漢のやまめイエロー	607
md00756	漢のやまめピンク	817
md00757	漢のやまめ２号	514
md00758	漢のやまめV3	492
md00759	漢のやまめスーパー１	775
md00760	漢のやまめRX	644
md00761	漢の鮎ブラック	838
md00762	漢の鮎グリーン	929
md00763	漢の鮎レッド	637
md00764	漢の鮎ブルー	715
md00765	漢の鮎イエロー	509
md00766	漢の鮎ピンク	308
md00767	漢の鮎２号	237
md00768	漢の鮎V3	262
md00769	漢の鮎スーパー１	708
md00770	漢の鮎RX	478
md00771	漢の鮭ブラック	376
md00772	漢の鮭グリーン	854
md00773	漢の鮭レッド	260
md00774	漢の鮭ブルー	320
md00775	漢の鮭イエロー	298
md00776	漢の鮭ピンク	182
md00777	漢の鮭２号	666
md00778	漢の鮭V3	255
md00779	漢の鮭スーパー１	783
md00780	漢の鮭RX	282
md00781	漢のしめじブラック	148
md00782	漢のしめじグリーン	557
md00783	漢のしめじレッド	511
md00784	漢のしめじブルー	347
md00785	漢のしめじイエロー	128
md00786	漢のしめじピンク	638
md00787	漢のしめじ２号	793
md00788	漢のしめじV3	761
md00789	漢のしめじスーパー１	908
md00790	漢のしめじRX	370
md00791	漢のしいたけブラック	830
md00792	漢のしいたけグリーン	412
md00793	漢のしいたけレッド	444
md00794	漢のしいたけブルー	547
md00795	漢のしいたけイエロー	381
md00796	漢のしいたけピンク	126
md00797	漢のしいたけ２号	879
md00798	漢のしいたけV3	411
md00799	漢のしいたけスーパー１	959
md00800	漢のしいたけRX	959
md00801	乙女のもんごイカブラック	101
md00802	乙女のもんごイカグリーン	393
md00803	乙女のもんごイカレッド	193
md00804	乙女のもんごイカブルー	289
md00805	乙女のもんごイカイエロー	519
md00806	乙女のもんごイカピンク	937
md00807	乙女のもんごイカ２号	311
md00808	乙女のもんごイカV3	497
md00809	乙女のもんごイカスーパー１	326
md00810	乙女のもんごイカRX	126
md00811	乙女のスルメイカブラック	234
md00812	乙女のスルメイカグリーン	767
md00813	乙女のスルメイカレッド	771
md00814	乙女のスルメイカブルー	387
md00815	乙女のスルメイカイエロー	728
md00816	乙女のスルメイカピンク	256
md00817	乙女のスルメイカ２号	195
md00818	乙女のスルメイカV3	703
md00819	乙女のスルメイカスーパー１	687
md00820	乙女のスルメイカRX	982
md00821	乙女のダイオウイカブラック	897
md00822	乙女のダイオウイカグリーン	424
md00823	乙女のダイオウイカレッド	475
md00824	乙女のダイオウイカブルー	258
md00825	乙女のダイオウイカイエロー	998
md00826	乙女のダイオウイカピンク	248
md00827	乙女のダイオウイカ２号	997
md00828	乙女のダイオウイカV3	245
md00829	乙女のダイオウイカスーパー１	566
md00830	乙女のダイオウイカRX	438
md00831	乙女のよっちゃんイカブラック	178
md00832	乙女のよっちゃんイカグリーン	181
md00833	乙女のよっちゃんイカレッド	323
md00834	乙女のよっちゃんイカブルー	764
md00835	乙女のよっちゃんイカイエロー	783
md00836	乙女のよっちゃんイカピンク	195
md00837	乙女のよっちゃんイカ２号	362
md00838	乙女のよっちゃんイカV3	938
md00839	乙女のよっちゃんイカスーパー１	862
md00840	乙女のよっちゃんイカRX	479
md00841	乙女のさんまブラック	444
md00842	乙女のさんまグリーン	922
md00843	乙女のさんまレッド	951
md00844	乙女のさんまブルー	777
md00845	乙女のさんまイエロー	111
md00846	乙女のさんまピンク	194
md00847	乙女のさんま２号	143
md00848	乙女のさんまV3	380
md00849	乙女のさんまスーパー１	332
md00850	乙女のさんまRX	269
md00851	乙女のやまめブラック	705
md00852	乙女のやまめグリーン	848
md00853	乙女のやまめレッド	466
md00854	乙女のやまめブルー	792
md00855	乙女のやまめイエロー	700
md00856	乙女のやまめピンク	961
md00857	乙女のやまめ２号	855
md00858	乙女のやまめV3	300
md00859	乙女のやまめスーパー１	508
md00860	乙女のやまめRX	151
md00861	乙女の鮎ブラック	947
md00862	乙女の鮎グリーン	103
md00863	乙女の鮎レッド	580
md00864	乙女の鮎ブルー	173
md00865	乙女の鮎イエロー	460
md00866	乙女の鮎ピンク	112
md00867	乙女の鮎２号	415
md00868	乙女の鮎V3	336
md00869	乙女の鮎スーパー１	190
md00870	乙女の鮎RX	756
md00871	乙女の鮭ブラック	488
md00872	乙女の鮭グリーン	916
md00873	乙女の鮭レッド	194
md00874	乙女の鮭ブルー	436
md00875	乙女の鮭イエロー	996
md00876	乙女の鮭ピンク	417
md00877	乙女の鮭２号	235
md00878	乙女の鮭V3	217
md00879	乙女の鮭スーパー１	845
md00880	乙女の鮭RX	657
md00881	乙女のしめじブラック	518
md00882	乙女のしめじグリーン	953
md00883	乙女のしめじレッド	983
md00884	乙女のしめじブルー	180
md00885	乙女のしめじイエロー	642
md00886	乙女のしめじピンク	563
md00887	乙女のしめじ２号	833
md00888	乙女のしめじV3	922
md00889	乙女のしめじスーパー１	265
md00890	乙女のしめじRX	504
md00891	乙女のしいたけブラック	368
md00892	乙女のしいたけグリーン	920
md00893	乙女のしいたけレッド	977
md00894	乙女のしいたけブルー	686
md00895	乙女のしいたけイエロー	182
md00896	乙女のしいたけピンク	878
md00897	乙女のしいたけ２号	573
md00898	乙女のしいたけV3	961
md00899	乙女のしいたけスーパー１	298
md00900	乙女のしいたけRX	402
